Start_Lat,Start_Lng,Street,City,County,State,Country,Timezone,Airport_Code
39.865147,-84.058723,I-70 E,Dayton,Montgomery,OH,US,US/Eastern,KFFO
39.92805900000001,-82.831184,Brice Rd,Reynoldsburg,Franklin,OH,US,US/Eastern,KCMH
39.063148,-84.032608,State Route 32,Williamsburg,Clermont,OH,US,US/Eastern,KI69
39.747753,-84.20558199999998,I-75 S,Dayton,Montgomery,OH,US,US/Eastern,KDAY
39.627781,-84.188354,Miamisburg Centerville Rd,Dayton,Montgomery,OH,US,US/Eastern,KMGY
40.10059,-82.92519399999998,Westerville Rd,Westerville,Franklin,OH,US,US/Eastern,KCMH
39.758274,-84.23050699999997,N Woodward Ave,Dayton,Montgomery,OH,US,US/Eastern,KDAY
39.770382,-84.194901,N Main St,Dayton,Montgomery,OH,US,US/Eastern,KDAY
39.778061,-84.172005,Notre Dame Ave,Dayton,Montgomery,OH,US,US/Eastern,KFFO
39.952812,-83.119293,Outerbelt S,Columbus,Franklin,OH,US,US/Eastern,KTZR
39.932709,-82.83091,I-70 E,Reynoldsburg,Franklin,OH,US,US/Eastern,KCMH
39.737633,-84.14993299999998,Watervliet Ave,Dayton,Montgomery,OH,US,US/Eastern,KFFO
39.79076,-84.241547,Salem Ave,Dayton,Montgomery,OH,US,US/Eastern,KDAY
39.972038,-82.913521,E Broad St,Columbus,Franklin,OH,US,US/Eastern,KCMH
39.745888,-84.17041,Glencoe Ave,Dayton,Montgomery,OH,US,US/Eastern,KFFO
39.748329,-84.224007,S James H McGee Blvd,Dayton,Montgomery,OH,US,US/Eastern,KFFO
39.752174,-84.239952,Delphos Ave,Dayton,Montgomery,OH,US,US/Eastern,KDAY
39.740669,-84.184135,Rubicon St,Dayton,Montgomery,OH,US,US/Eastern,KFFO
39.790703,-84.244461,W Hillcrest Ave,Dayton,Montgomery,OH,US,US/Eastern,KDAY
40.052509,-82.88233199999998,Brookhill Dr,Columbus,Franklin,OH,US,US/Eastern,KCMH
39.773346,-84.224686,Princeton Dr,Dayton,Montgomery,OH,US,US/Eastern,KDAY
39.628288,-84.226151,Springboro Pike,Miamisburg,Montgomery,OH,US,US/Eastern,KMGY
40.023487,-82.994888,North Fwy S,Columbus,Franklin,OH,US,US/Eastern,KCMH
39.761379,-84.25921600000002,Hoover Ave,Dayton,Montgomery,OH,US,US/Eastern,KDAY
40.158024,-82.641762,Sportsman Club Rd,Johnstown,Licking,OH,US,US/Eastern,KCMH
39.733219,-84.159653,Irving Ave,Dayton,Montgomery,OH,US,US/Eastern,KMGY
39.775303,-84.200523,W Helena St,Dayton,Montgomery,OH,US,US/Eastern,KDAY
39.789322,-84.23910500000002,Litchfield Ave,Dayton,Montgomery,OH,US,US/Eastern,KDAY
39.75872,-84.183762,E 4th St,Dayton,Montgomery,OH,US,US/Eastern,KFFO
40.081459,-83.122398,Frantz Rd,Dublin,Franklin,OH,US,US/Eastern,KOSU
39.83321,-84.112946,Bellefontaine Rd,Dayton,Montgomery,OH,US,US/Eastern,KFFO
40.042725,-82.99730699999998,North Fwy S,Columbus,Franklin,OH,US,US/Eastern,KCMH
39.974415,-82.848854,Outerbelt N,Columbus,Franklin,OH,US,US/Eastern,KCMH
39.994766,-83.02449,Olentangy Fwy N,Columbus,Franklin,OH,US,US/Eastern,KOSU
40.006477,-83.030991,Olentangy Fwy S,Columbus,Franklin,OH,US,US/Eastern,KOSU
39.742062,-84.186996,S Main St,Dayton,Montgomery,OH,US,US/Eastern,KFFO
39.843521,-82.78157,Diley Rd,Canal Winchester,Fairfield,OH,US,US/Eastern,KLCK
39.782578,-84.178688,Kiser St,Dayton,Montgomery,OH,US,US/Eastern,KFFO
40.007626,-82.912155,Stelzer Rd,Columbus,Franklin,OH,US,US/Eastern,KCMH
39.447502,-84.19120799999997,Monroe Rd,Lebanon,Warren,OH,US,US/Eastern,KMGY
39.787731,-84.173439,Air City Ave,Dayton,Montgomery,OH,US,US/Eastern,KFFO
39.426277,-83.624611,S State Route 72,Sabina,Clinton,OH,US,US/Eastern,KILN
39.978306,-82.852554,E Broad St,Columbus,Franklin,OH,US,US/Eastern,KCMH
39.84182,-84.18960600000003,Benchwood Rd,Dayton,Montgomery,OH,US,US/Eastern,KDAY
39.953625,-82.958954,East Fwy W,Columbus,Franklin,OH,US,US/Eastern,KCMH
40.053082,-83.049644,Kenny Rd,Columbus,Franklin,OH,US,US/Eastern,KOSU
39.936874,-82.878723,S Hamilton Rd,Columbus,Franklin,OH,US,US/Eastern,KCMH
39.780643,-84.16349,Brandt St,Dayton,Montgomery,OH,US,US/Eastern,KFFO
39.773193,-84.187454,I-75 S,Dayton,Montgomery,OH,US,US/Eastern,KFFO
39.77858,-84.20468100000002,N Main St,Dayton,Montgomery,OH,US,US/Eastern,KDAY
39.792988,-84.20607,Riverside Dr,Dayton,Montgomery,OH,US,US/Eastern,KDAY
39.976398,-83.119225,Outerbelt S,Columbus,Franklin,OH,US,US/Eastern,KTZR
39.6395,-84.23136099999998,Miamisburg Centerville Rd,Dayton,Montgomery,OH,US,US/Eastern,KMGY
39.232578,-84.159286,Wood St,Goshen,Clermont,OH,US,US/Eastern,KI69
39.746593,-84.23912,Dearborn Ave,Dayton,Montgomery,OH,US,US/Eastern,KDAY
39.742783,-84.182472,Brown St,Dayton,Montgomery,OH,US,US/Eastern,KFFO
39.75452,-84.159279,US-35 E,Dayton,Montgomery,OH,US,US/Eastern,KFFO
39.749916,-84.139359,US-35 E,Dayton,Montgomery,OH,US,US/Eastern,KFFO
40.100903,-82.98410799999998,North Fwy S,Columbus,Franklin,OH,US,US/Eastern,KOSU
39.77280800000001,-84.201851,5 Oaks Ave,Dayton,Montgomery,OH,US,US/Eastern,KDAY
39.492485,-84.131798,N State Route 42,Waynesville,Warren,OH,US,US/Eastern,KMGY
39.570904,-84.251724,Clearcreek Rd,Springboro,Warren,OH,US,US/Eastern,KMGY
39.834282,-82.74382,Columbus Lancaster Rd NW,Carroll,Fairfield,OH,US,US/Eastern,KLHQ
39.622787,-84.229858,I-75 N,Miamisburg,Montgomery,OH,US,US/Eastern,KMGY
39.429871,-84.079666,Wilmington Rd,Oregonia,Warren,OH,US,US/Eastern,KMGY
41.407391,-81.64676700000003,Outerbelt South Fwy W,Independence,Cuyahoga,OH,US,US/Eastern,KBKL
41.424404,-81.57867399999998,I-480 E,Maple Heights,Cuyahoga,OH,US,US/Eastern,KBKL
39.89217,-83.039169,I-71 S,Grove City,Franklin,OH,US,US/Eastern,KTZR
41.022358,-83.650345,S Main St,Findlay,Hancock,OH,US,US/Eastern,KFDY
39.206806,-84.053253,Short Leuders Rd,Goshen,Clermont,OH,US,US/Eastern,KI69
39.973797,-83.022285,Twin Rivers Dr,Columbus,Franklin,OH,US,US/Eastern,KCMH
40.048008,-82.86421999999997,N Hamilton Rd,Columbus,Franklin,OH,US,US/Eastern,KCMH
39.814526,-84.021744,S Central Ave,Fairborn,Greene,OH,US,US/Eastern,KFFO
40.151196,-84.22003199999997,E Ash St,Piqua,Miami,OH,US,US/Eastern,KVES
39.954617,-82.844238,Outerbelt N,Columbus,Franklin,OH,US,US/Eastern,KCMH
38.990551,-84.207497,Lindale Nicholsville Rd,New Richmond,Clermont,OH,US,US/Eastern,KI69
40.008995,-83.002678,Indianola Ave,Columbus,Franklin,OH,US,US/Eastern,KOSU
39.077332,-84.225014,Lake Allyn Rd,Batavia,Clermont,OH,US,US/Eastern,KI69
39.955452,-82.795845,E Main St,Reynoldsburg,Franklin,OH,US,US/Eastern,KCMH
40.224586,-82.929085,North Fwy N,Galena,Delaware,OH,US,US/Eastern,KDLZ
39.98560300000001,-82.939247,E 5th Ave,Columbus,Franklin,OH,US,US/Eastern,KCMH
41.040714,-81.61314399999998,US-224 W,Barberton,Summit,OH,US,US/Eastern,KAKR
41.083679,-81.579002,Copley Rd,Akron,Summit,OH,US,US/Eastern,KAKR
40.766891,-82.42411,I-71 N,Mansfield,Richland,OH,US,US/Eastern,KMFD
41.422199,-81.843018,Grayton Rd,Cleveland,Cuyahoga,OH,US,US/Eastern,KCLE
41.063995,-81.57294499999998,Vernon Odom Blvd,Akron,Summit,OH,US,US/Eastern,KAKR
38.99408,-84.142021,S Bantam Rd,Bethel,Clermont,OH,US,US/Eastern,KI69
41.420818,-81.694008,I-480 E,Cleveland,Cuyahoga,OH,US,US/Eastern,KBKL
40.030342,-83.030197,Olentangy River Rd,Columbus,Franklin,OH,US,US/Eastern,KOSU
39.858089,-82.827904,Gender Rd,Canal Winchester,Franklin,OH,US,US/Eastern,KLCK
41.112324,-81.60992399999998,I-77 S,Akron,Summit,OH,US,US/Eastern,KAKR
39.994061,-82.729416,Mink St SW,Pataskala,Licking,OH,US,US/Eastern,KVTA
41.355396,-81.81926700000002,I-71 S,Cleveland,Cuyahoga,OH,US,US/Eastern,KCLE
39.687389,-84.23796800000002,Vance Rd,Dayton,Montgomery,OH,US,US/Eastern,KMGY
39.751038,-84.214325,Home Ave,Dayton,Montgomery,OH,US,US/Eastern,KFFO
39.97509,-82.88460500000002,E Broad St,Columbus,Franklin,OH,US,US/Eastern,KCMH
40.11195,-83.016663,N High St,Columbus,Franklin,OH,US,US/Eastern,KOSU
41.424313,-81.57914,I-480 E,Maple Heights,Cuyahoga,OH,US,US/Eastern,KBKL
39.691864,-84.211166,Lamme Rd,Dayton,Montgomery,OH,US,US/Eastern,KMGY
39.769173,-84.20728299999998,W Grand Ave,Dayton,Montgomery,OH,US,US/Eastern,KDAY
39.874947,-83.003937,S High St,Columbus,Franklin,OH,US,US/Eastern,KLCK
39.769596,-84.176964,N Keowee St,Dayton,Montgomery,OH,US,US/Eastern,KFFO
39.776417,-84.23026999999998,Burroughs Dr,Dayton,Montgomery,OH,US,US/Eastern,KDAY
39.64185,-84.227455,Mall Woods Dr,Dayton,Montgomery,OH,US,US/Eastern,KMGY
39.76028400000001,-84.196434,W 2nd St,Dayton,Montgomery,OH,US,US/Eastern,KFFO
39.802528,-84.220093,N Main St,Dayton,Montgomery,OH,US,US/Eastern,KDAY
39.828781,-84.19839499999998,N Dixie Dr,Dayton,Montgomery,OH,US,US/Eastern,KDAY
39.733337,-84.180359,Springhouse Rd,Dayton,Montgomery,OH,US,US/Eastern,KFFO
39.759426,-84.138367,Speice Ave,Dayton,Montgomery,OH,US,US/Eastern,KFFO
39.78361500000001,-84.227531,Auburn Ave,Dayton,Montgomery,OH,US,US/Eastern,KDAY
39.74004,-84.194923,W Stewart St,Dayton,Montgomery,OH,US,US/Eastern,KDAY
39.735199,-84.204948,I-75 S,Dayton,Montgomery,OH,US,US/Eastern,KDAY
39.749035,-84.20474200000002,I-75 N,Dayton,Montgomery,OH,US,US/Eastern,KFFO
39.969223,-82.984131,E Innerbelt S,Columbus,Franklin,OH,US,US/Eastern,KCMH
39.995369,-82.985085,North Fwy S,Columbus,Franklin,OH,US,US/Eastern,KCMH
39.744873,-84.205025,I-75 S,Dayton,Montgomery,OH,US,US/Eastern,KDAY
39.749786,-84.199493,S Edwin C Moses Blvd,Dayton,Montgomery,OH,US,US/Eastern,KFFO
39.780331,-84.195076,Stanley Ave,Dayton,Montgomery,OH,US,US/Eastern,KFFO
40.109928,-82.97820300000002,North Fwy S,Columbus,Franklin,OH,US,US/Eastern,KOSU
40.112156,-83.035072,Outerbelt E,Columbus,Franklin,OH,US,US/Eastern,KOSU
39.871761,-82.933449,Outerbelt E,Columbus,Franklin,OH,US,US/Eastern,KLCK
39.934517,-82.86065699999997,I-70 E,Columbus,Franklin,OH,US,US/Eastern,KCMH
40.02404,-82.99479699999998,E Weber Rd,Columbus,Franklin,OH,US,US/Eastern,KCMH
41.014015,-81.932777,I-71 N,Seville,Medina,OH,US,US/Eastern,KBJJ
40.575069,-82.528145,State Route 13,Bellville,Richland,OH,US,US/Eastern,KMFD
39.996578,-84.21680500000002,I-75 S,Troy,Miami,OH,US,US/Eastern,KDAY
39.986324,-82.985458,North Fwy S,Columbus,Franklin,OH,US,US/Eastern,KCMH
40.013062,-82.90213,Outerbelt N,Columbus,Franklin,OH,US,US/Eastern,KCMH
39.981709,-82.98436,North Fwy N,Columbus,Franklin,OH,US,US/Eastern,KCMH
39.953022,-82.99889399999998,S High St,Columbus,Franklin,OH,US,US/Eastern,KCMH
39.973812,-82.983162,I-670 E,Columbus,Franklin,OH,US,US/Eastern,KCMH
39.917412,-83.014236,Frank Rd,Columbus,Franklin,OH,US,US/Eastern,KTZR
39.469582,-83.712799,E US Highway 22 3,Wilmington,Clinton,OH,US,US/Eastern,KILN
39.63958,-84.234818,Byers Rd,Miamisburg,Montgomery,OH,US,US/Eastern,KMGY
39.975986,-82.996307,I-670 W,Columbus,Franklin,OH,US,US/Eastern,KCMH
39.951401,-83.040161,I-70 W,Columbus,Franklin,OH,US,US/Eastern,KTZR
39.96888,-83.022263,North Innerbelt W,Columbus,Franklin,OH,US,US/Eastern,KCMH
39.804295,-84.178917,Webster St,Dayton,Montgomery,OH,US,US/Eastern,KDAY
39.831444,-84.097267,Greeley Ave,Dayton,Montgomery,OH,US,US/Eastern,KFFO
39.890587,-83.03538499999998,Outerbelt W,Grove City,Franklin,OH,US,US/Eastern,KTZR
39.770977,-84.183914,OH-4 S,Dayton,Montgomery,OH,US,US/Eastern,KFFO
39.808121,-84.173477,Chuck Wagner Ln,Dayton,Montgomery,OH,US,US/Eastern,KDAY
41.410461,-81.725853,Westlake Ave,Cleveland,Cuyahoga,OH,US,US/Eastern,KCLE
39.94537,-82.88744399999999,S Yearling Rd,Columbus,Franklin,OH,US,US/Eastern,KCMH
39.79813,-84.24479699999998,Klepinger Rd,Dayton,Montgomery,OH,US,US/Eastern,KDAY
40.081715,-82.89576,S Sunbury Rd,Westerville,Franklin,OH,US,US/Eastern,KCMH
41.111031,-81.550728,Burning Tree Dr,Akron,Summit,OH,US,US/Eastern,KAKR
40.082016,-82.937119,E Dublin Granville Rd,Columbus,Franklin,OH,US,US/Eastern,KCMH
39.763363,-84.15535,E 4th St,Dayton,Montgomery,OH,US,US/Eastern,KFFO
39.740063,-84.191833,W Stewart St,Dayton,Montgomery,OH,US,US/Eastern,KFFO
39.99876,-82.625221,Blacks Rd SW,Pataskala,Licking,OH,US,US/Eastern,KVTA
39.99519,-82.86859100000002,Sawyer Rd,Columbus,Franklin,OH,US,US/Eastern,KCMH
41.395805,-81.935562,Maplehurst Rd,North Olmsted,Cuyahoga,OH,US,US/Eastern,KCLE
39.887058,-82.883263,Williams Rd,Groveport,Franklin,OH,US,US/Eastern,KLCK
39.824703,-83.141228,I-71 N,Orient,Franklin,OH,US,US/Eastern,KTZR
40.977516,-82.790749,N Auburn Rd,Tiro,Crawford,OH,US,US/Eastern,KMFD
41.150993,-81.631393,I-77 S,Akron,Summit,OH,US,US/Eastern,KAKR
39.885872,-82.806198,Bowen Rd,Canal Winchester,Franklin,OH,US,US/Eastern,KLCK
40.09917100000001,-83.134499,Columbus Marysville Rd N,Dublin,Franklin,OH,US,US/Eastern,KOSU
40.012829,-83.109131,Scioto Darby Rd,Columbus,Franklin,OH,US,US/Eastern,KOSU
40.048183,-82.945183,Westerville Rd,Columbus,Franklin,OH,US,US/Eastern,KCMH
39.77792,-84.246872,Otterbein Ave,Dayton,Montgomery,OH,US,US/Eastern,KDAY
41.313236,-81.810959,I-71 N,Strongsville,Cuyahoga,OH,US,US/Eastern,KCLE
39.691998,-84.043655,Indian Ripple Rd,Beavercreek,Montgomery,OH,US,US/Eastern,KMGY
39.852417,-82.93860600000002,Toy Rd,Groveport,Franklin,OH,US,US/Eastern,KLCK
39.956909,-83.044914,I-70 E,Columbus,Franklin,OH,US,US/Eastern,KTZR
39.602947,-82.951836,OH-56,Circleville,Pickaway,OH,US,US/Eastern,KLCK
39.89188400000001,-83.087547,Southwest Blvd,Grove City,Franklin,OH,US,US/Eastern,KTZR
39.78508400000001,-84.210564,N Main St,Dayton,Montgomery,OH,US,US/Eastern,KDAY
40.1105,-82.977524,Outerbelt W,Columbus,Franklin,OH,US,US/Eastern,KOSU
40.757088,-82.50975,E 2nd St,Mansfield,Richland,OH,US,US/Eastern,KMFD
40.004749,-82.867638,N Hamilton Rd,Columbus,Franklin,OH,US,US/Eastern,KCMH
40.033955,-83.000862,Indianola Ave,Columbus,Franklin,OH,US,US/Eastern,KOSU
38.929512,-83.495262,Appalachian Hwy,Peebles,Adams,OH,US,US/Eastern,KILN
39.973419,-83.081558,N Hague Ave,Columbus,Franklin,OH,US,US/Eastern,KTZR
39.797958,-84.255135,Free Pike,Dayton,Montgomery,OH,US,US/Eastern,KDAY
40.057369,-82.903717,Outerbelt S,Columbus,Franklin,OH,US,US/Eastern,KCMH
39.847927,-82.848274,Groveport Rd,Canal Winchester,Franklin,OH,US,US/Eastern,KLCK
40.051949,-83.03280600000002,W Henderson Rd,Columbus,Franklin,OH,US,US/Eastern,KOSU
39.772823,-84.135612,Radio Rd,Dayton,Greene,OH,US,US/Eastern,KFFO
39.673203,-84.221886,Springboro Pike,Dayton,Montgomery,OH,US,US/Eastern,KMGY
39.76244000000001,-84.20506999999998,Salem Ave,Dayton,Montgomery,OH,US,US/Eastern,KDAY
39.79166,-84.169342,Kuntz Rd,Dayton,Montgomery,OH,US,US/Eastern,KFFO
39.72757,-84.13549,Russell Ave,Dayton,Montgomery,OH,US,US/Eastern,KFFO
38.455898,-81.93562299999998,WV-34,Hurricane,Putnam,WV,US,US/Eastern,KCRW
39.764778,-84.177193,N Keowee St,Dayton,Montgomery,OH,US,US/Eastern,KFFO
40.016014,-82.903442,Northeast Fwy S,Columbus,Franklin,OH,US,US/Eastern,KCMH
39.686901,-83.911812,E Main St,Xenia,Greene,OH,US,US/Eastern,KFFO
39.74403,-84.214638,S Broadway St,Dayton,Montgomery,OH,US,US/Eastern,KDAY
39.955738,-83.002953,S 2nd St,Columbus,Franklin,OH,US,US/Eastern,KCMH
38.98587,-84.052551,State Route 133,Bethel,Clermont,OH,US,US/Eastern,KI69
41.12336,-81.652626,I-77 N,Akron,Summit,OH,US,US/Eastern,KAKR
41.403664,-82.13942,OH-2 W,Elyria,Lorain,OH,US,US/Eastern,KLPR
39.719009,-84.21461500000002,I-75 N,Dayton,Montgomery,OH,US,US/Eastern,KMGY
39.741764,-84.209923,W Stewart St,Dayton,Montgomery,OH,US,US/Eastern,KDAY
39.933804,-82.78944399999997,Hill Rd N,Pickerington,Fairfield,OH,US,US/Eastern,KLHQ
38.997852,-84.043739,Clover Rd,Bethel,Clermont,OH,US,US/Eastern,KI69
40.080402,-82.87745699999998,New Albany Expy W,Westerville,Franklin,OH,US,US/Eastern,KCMH
41.04023,-81.608711,Barber Rd,Barberton,Summit,OH,US,US/Eastern,KAKR
39.749664,-84.201012,Washington St,Dayton,Montgomery,OH,US,US/Eastern,KFFO
41.039204,-81.631744,US-224 E,Barberton,Summit,OH,US,US/Eastern,KAKR
40.993484,-82.03600300000002,Franchester Rd,Burbank,Wayne,OH,US,US/Eastern,KBJJ
39.732441,-84.224243,Nicholas Rd,Dayton,Montgomery,OH,US,US/Eastern,KDAY
39.792931,-84.215195,N Main St,Dayton,Montgomery,OH,US,US/Eastern,KDAY
39.948299,-82.047081,I-70 W,Zanesville,Muskingum,OH,US,US/Eastern,KZZV
39.67263,-84.216522,W Alex Bell Rd,Dayton,Montgomery,OH,US,US/Eastern,KMGY
41.172302,-83.64917,I-75 N,North Baltimore,Wood,OH,US,US/Eastern,KFDY
39.615208,-84.22731800000003,Ferndown Dr,Miamisburg,Montgomery,OH,US,US/Eastern,KMGY
39.790604,-84.25140400000002,W Hillcrest Ave,Dayton,Montgomery,OH,US,US/Eastern,KDAY
39.968788,-83.003754,W Nationwide Blvd,Columbus,Franklin,OH,US,US/Eastern,KCMH
39.905334,-82.968689,Watkins Rd,Columbus,Franklin,OH,US,US/Eastern,KLCK
39.855103,-84.183678,Little York Rd,Dayton,Montgomery,OH,US,US/Eastern,KDAY
41.414131,-81.632141,Granger Rd,Cleveland,Cuyahoga,OH,US,US/Eastern,KBKL
39.75782,-83.303154,State Route 56 SE,Mount Sterling,Madison,OH,US,US/Eastern,KTZR
41.42181,-81.734482,Ridge Rd,Cleveland,Cuyahoga,OH,US,US/Eastern,KCLE
39.819839,-84.189087,Needmore Rd,Dayton,Montgomery,OH,US,US/Eastern,KDAY
39.745735,-84.120644,Woodman Dr,Dayton,Montgomery,OH,US,US/Eastern,KFFO
39.626396,-84.20768699999998,Lyons Rd,Miamisburg,Montgomery,OH,US,US/Eastern,KMGY
39.761005,-84.15855400000002,E 5th St,Dayton,Montgomery,OH,US,US/Eastern,KFFO
39.765377,-84.155914,E 3rd St,Dayton,Montgomery,OH,US,US/Eastern,KFFO
39.936871,-82.936317,I-70 E,Columbus,Franklin,OH,US,US/Eastern,KCMH
41.420666,-81.81644399999998,Outerbelt South Fwy W,Cleveland,Cuyahoga,OH,US,US/Eastern,KCLE
39.607605,-84.15598299999998,Marco Ln,Dayton,Montgomery,OH,US,US/Eastern,KMGY
39.819809,-84.18710300000002,Needmore Rd,Dayton,Montgomery,OH,US,US/Eastern,KDAY
41.371895,-81.820786,I-71 N,Cleveland,Cuyahoga,OH,US,US/Eastern,KCLE
39.999187,-83.075813,Riverside Dr,Columbus,Franklin,OH,US,US/Eastern,KOSU
39.741695,-84.163101,Illinois Ave,Dayton,Montgomery,OH,US,US/Eastern,KFFO
41.423275,-81.76001,Cascade Xing,Cleveland,Cuyahoga,OH,US,US/Eastern,KCLE
39.993843,-82.985054,North Fwy N,Columbus,Franklin,OH,US,US/Eastern,KCMH
41.36974,-81.821457,I-71 S,Cleveland,Cuyahoga,OH,US,US/Eastern,KCLE
41.420506,-81.816078,I-480 E,Cleveland,Cuyahoga,OH,US,US/Eastern,KCLE
39.869961,-84.137642,Troy Pike,Dayton,Montgomery,OH,US,US/Eastern,KFFO
39.695045,-84.10419499999998,Walnut St,Beavercreek,Montgomery,OH,US,US/Eastern,KMGY
39.754223,-84.224075,N James H McGee Blvd,Dayton,Montgomery,OH,US,US/Eastern,KFFO
39.759544,-84.191811,S Main St,Dayton,Montgomery,OH,US,US/Eastern,KFFO
39.755566,-84.180534,Wayne Ave,Dayton,Montgomery,OH,US,US/Eastern,KFFO
39.960938,-84.189583,W Main St,Tipp City,Miami,OH,US,US/Eastern,KDAY
39.609039,-84.155869,Mandel Dr,Dayton,Montgomery,OH,US,US/Eastern,KMGY
39.953472,-82.960274,I-70 E,Columbus,Franklin,OH,US,US/Eastern,KCMH
40.106297,-83.036079,Olentangy Fwy S,Columbus,Franklin,OH,US,US/Eastern,KOSU
39.812687,-84.22734799999998,N Main St,Dayton,Montgomery,OH,US,US/Eastern,KDAY
39.724258,-84.213142,Arbor Blvd,Moraine,Montgomery,OH,US,US/Eastern,KMGY
39.929554,-82.995773,W Morrill Ave,Columbus,Franklin,OH,US,US/Eastern,KLCK
39.915928,-82.98246800000003,Groveport Rd,Columbus,Franklin,OH,US,US/Eastern,KLCK
39.009884,-84.173073,State Route 125,Batavia,Clermont,OH,US,US/Eastern,KI69
39.737701,-84.134987,Meriline Ave,Dayton,Montgomery,OH,US,US/Eastern,KFFO
39.974285,-82.961174,Taylor Ave,Columbus,Franklin,OH,US,US/Eastern,KCMH
40.152611,-82.686996,N Williams St,Johnstown,Licking,OH,US,US/Eastern,KCMH
39.786629,-84.18869000000002,N Keowee St,Dayton,Montgomery,OH,US,US/Eastern,KFFO
40.016937,-83.156601,Hilliard Rome Rd,Hilliard,Franklin,OH,US,US/Eastern,KOSU
40.003746,-83.15389300000002,Hilliard Rome Rd,Hilliard,Franklin,OH,US,US/Eastern,KOSU
39.736061,-84.093002,I-675 S,Dayton,Greene,OH,US,US/Eastern,KFFO
41.375961,-83.647453,E Court St,Bowling Green,Wood,OH,US,US/Eastern,KTDZ
39.953648,-82.960373,East Fwy W,Columbus,Franklin,OH,US,US/Eastern,KCMH
39.767757,-84.231712,Wilson Dr,Dayton,Montgomery,OH,US,US/Eastern,KFFO
39.800312,-84.218811,N Main St,Dayton,Montgomery,OH,US,US/Eastern,KDAY
39.754055,-84.17588,US-35 E,Dayton,Montgomery,OH,US,US/Eastern,KFFO
39.712257,-84.201782,Cardington Rd,Dayton,Montgomery,OH,US,US/Eastern,KFFO
39.759201,-84.149101,Pleasant Ave,Dayton,Montgomery,OH,US,US/Eastern,KFFO
39.759472,-84.243698,Walton Ave,Dayton,Montgomery,OH,US,US/Eastern,KDAY
39.797668,-84.217506,N Main St,Dayton,Montgomery,OH,US,US/Eastern,KDAY
39.763664,-84.193298,W Monument Ave,Dayton,Montgomery,OH,US,US/Eastern,KFFO
39.758121,-84.191414,E 4th St,Dayton,Montgomery,OH,US,US/Eastern,KFFO
40.266499,-82.927544,I-71 S,Galena,Delaware,OH,US,US/Eastern,KDLZ
40.099384,-83.155396,Columbus Marysville Rd N,Dublin,Franklin,OH,US,US/Eastern,KOSU
39.981926,-83.046265,W 1st Ave,Columbus,Franklin,OH,US,US/Eastern,KOSU
39.786633,-84.170837,Troy St,Dayton,Montgomery,OH,US,US/Eastern,KFFO
39.765259,-84.13780200000002,Smithville Rd,Dayton,Montgomery,OH,US,US/Eastern,KFFO
40.10564,-82.949692,Outerbelt W,Columbus,Franklin,OH,US,US/Eastern,KOSU
39.762531,-84.1427,S Wright Ave,Dayton,Montgomery,OH,US,US/Eastern,KFFO
41.428753,-83.61036700000002,Sugar Ridge Rd,Bowling Green,Wood,OH,US,US/Eastern,KTDZ
39.985336,-82.78984100000002,E Broad St,Reynoldsburg,Franklin,OH,US,US/Eastern,KCMH
39.955517,-82.87687700000002,S Hamilton Rd,Columbus,Franklin,OH,US,US/Eastern,KCMH
39.763615,-84.142586,S Wright Ave,Dayton,Montgomery,OH,US,US/Eastern,KFFO
40.136345,-83.00573,Lazelle Rd,Columbus,Franklin,OH,US,US/Eastern,KOSU
39.76516,-84.157234,S Findlay St,Dayton,Montgomery,OH,US,US/Eastern,KFFO
39.772438,-84.14218100000002,Rangeley Ave,Dayton,Montgomery,OH,US,US/Eastern,KFFO
39.981968,-83.008698,W 2nd Ave,Columbus,Franklin,OH,US,US/Eastern,KCMH
39.232101,-84.16014100000002,Goshen Rd,Goshen,Clermont,OH,US,US/Eastern,KI69
40.061661,-82.99807,Morse Rd,Columbus,Franklin,OH,US,US/Eastern,KOSU
40.082397,-82.906921,New Albany Expy W,Westerville,Franklin,OH,US,US/Eastern,KCMH
39.317173,-84.220894,Deershadow Rd,Maineville,Warren,OH,US,US/Eastern,KHAO
39.690781,-84.205147,Lynpark Ave,Dayton,Montgomery,OH,US,US/Eastern,KMGY
39.803726,-84.18514300000002,Neff Rd,Dayton,Montgomery,OH,US,US/Eastern,KDAY
39.838779,-84.25831600000002,N Main St,Dayton,Montgomery,OH,US,US/Eastern,KDAY
39.76144,-84.167038,Huffman Ave,Dayton,Montgomery,OH,US,US/Eastern,KFFO
39.740906,-84.182121,E Stewart St,Dayton,Montgomery,OH,US,US/Eastern,KFFO
39.81963,-84.198273,N Dixie Dr,Dayton,Montgomery,OH,US,US/Eastern,KDAY
39.79969000000001,-84.186996,Wagoner Ford Rd,Dayton,Montgomery,OH,US,US/Eastern,KDAY
39.72364,-84.1418,S Smithville Rd,Dayton,Montgomery,OH,US,US/Eastern,KFFO
39.754055,-84.13889300000002,S Smithville Rd,Dayton,Montgomery,OH,US,US/Eastern,KFFO
39.831997,-84.223694,Frederick Pike,Dayton,Montgomery,OH,US,US/Eastern,KDAY
41.403744,-82.282776,Baumhart Rd,Vermilion,Lorain,OH,US,US/Eastern,KLPR
39.630444,-84.19626600000002,Washington Village Dr,Dayton,Montgomery,OH,US,US/Eastern,KMGY
39.801601,-84.194542,Ridge Ave,Dayton,Montgomery,OH,US,US/Eastern,KDAY
39.752647,-84.189774,S Main St,Dayton,Montgomery,OH,US,US/Eastern,KFFO
39.571163,-84.202606,W Lytle 5 Points Rd,Springboro,Warren,OH,US,US/Eastern,KMGY
39.17505300000001,-84.236313,State Route 131,Milford,Clermont,OH,US,US/Eastern,KI69
39.977322,-83.02109499999997,Olentangy Fwy N,Columbus,Franklin,OH,US,US/Eastern,KOSU
39.175728,-84.180763,State Route 131,Milford,Clermont,OH,US,US/Eastern,KI69
39.68865200000001,-84.127998,E Stroop Rd,Dayton,Montgomery,OH,US,US/Eastern,KMGY
39.96764,-83.06081400000002,I-670 W,Columbus,Franklin,OH,US,US/Eastern,KTZR
39.783669,-84.155045,Valley St,Dayton,Montgomery,OH,US,US/Eastern,KFFO
39.989044,-83.049088,N Star Ave,Columbus,Franklin,OH,US,US/Eastern,KOSU
39.819721,-84.191528,Payne Ave,Dayton,Montgomery,OH,US,US/Eastern,KDAY
39.783089,-84.188911,Leo St,Dayton,Montgomery,OH,US,US/Eastern,KFFO
39.590527,-84.17076899999998,W Social Row Rd,Dayton,Montgomery,OH,US,US/Eastern,KMGY
41.40274,-81.817856,I-71 N,Brookpark,Cuyahoga,OH,US,US/Eastern,KCLE
40.039909,-82.99683399999998,North Fwy N,Columbus,Franklin,OH,US,US/Eastern,KCMH
39.972336,-82.983917,North Fwy S,Columbus,Franklin,OH,US,US/Eastern,KCMH
40.00164,-82.923073,Northeast Fwy N,Columbus,Franklin,OH,US,US/Eastern,KCMH
39.902088,-82.898178,US-33 W,Columbus,Franklin,OH,US,US/Eastern,KLCK
39.833824,-83.100853,I-71 S,Grove City,Franklin,OH,US,US/Eastern,KTZR
39.713467,-84.216095,Springboro Pike,Moraine,Montgomery,OH,US,US/Eastern,KMGY
39.640202,-84.235283,Byers Rd,Dayton,Montgomery,OH,US,US/Eastern,KMGY
39.733723,-84.204971,I-75 N,Dayton,Montgomery,OH,US,US/Eastern,KDAY
41.351006,-83.622826,Grand Army of the Republic Hwy,Bowling Green,Wood,OH,US,US/Eastern,KTDZ
39.845287,-83.993217,I-675 N,Fairborn,Greene,OH,US,US/Eastern,KFFO
39.607788,-84.228088,Miami Village Dr,Miamisburg,Montgomery,OH,US,US/Eastern,KMGY
39.873238,-84.13720699999998,Troy Pike,Dayton,Montgomery,OH,US,US/Eastern,KFFO
40.058132,-82.922752,Morse Rd,Columbus,Franklin,OH,US,US/Eastern,KCMH
41.420975,-81.689758,I-480 E,Cleveland,Cuyahoga,OH,US,US/Eastern,KBKL
39.788414,-84.183693,Stanley Ave,Dayton,Montgomery,OH,US,US/Eastern,KFFO
39.836643,-84.060753,Adams Rd,Dayton,Greene,OH,US,US/Eastern,KFFO
41.039829,-81.662872,OH-21 N,Barberton,Summit,OH,US,US/Eastern,KAKR
38.581139,-82.00456199999998,US Highway 35,Fraziers Bottom,Putnam,WV,US,US/Eastern,K3I2
39.929844,-83.116486,Georgesville Rd,Columbus,Franklin,OH,US,US/Eastern,KTZR
39.962147,-83.092667,N Wilson Rd,Columbus,Franklin,OH,US,US/Eastern,KTZR
39.697266,-84.218781,Springboro Pike,Moraine,Montgomery,OH,US,US/Eastern,KMGY
40.993092,-81.662689,OH-21 N,Barberton,Summit,OH,US,US/Eastern,KAKR
41.041447,-81.565163,I-76 E,Akron,Summit,OH,US,US/Eastern,KAKR
41.037266,-81.583786,US-224 E,Barberton,Summit,OH,US,US/Eastern,KAKR
39.59872100000001,-84.161491,Dayton Lebanon Pike,Dayton,Montgomery,OH,US,US/Eastern,KMGY
40.018669,-81.565704,Old Byesville Rd,Cambridge,Guernsey,OH,US,US/Eastern,KZZV
39.724251,-84.21315799999998,Arbor Blvd,Moraine,Montgomery,OH,US,US/Eastern,KMGY
39.758556,-84.177246,S Keowee St,Dayton,Montgomery,OH,US,US/Eastern,KFFO
39.790565,-84.25914,W Hillcrest Ave,Dayton,Montgomery,OH,US,US/Eastern,KDAY
39.753105,-84.15158100000002,Linden Ave,Dayton,Montgomery,OH,US,US/Eastern,KFFO
40.301411,-83.06575,E Central Ave,Delaware,Delaware,OH,US,US/Eastern,KDLZ
39.732567,-84.15900400000002,Shroyer Rd,Dayton,Montgomery,OH,US,US/Eastern,KMGY
39.800358,-82.708252,Columbus Lancaster Rd NW,Carroll,Fairfield,OH,US,US/Eastern,KLHQ
38.892097,-84.208702,State Route 232,Moscow,Clermont,OH,US,US/Eastern,KI69
39.981602,-82.885704,N Yearling Rd,Columbus,Franklin,OH,US,US/Eastern,KCMH
41.337879,-82.216049,Russia Rd,Oberlin,Lorain,OH,US,US/Eastern,KLPR
39.747112,-84.163826,Wyoming St,Dayton,Montgomery,OH,US,US/Eastern,KFFO
40.087536,-82.98741899999997,E Dublin Granville Rd,Columbus,Franklin,OH,US,US/Eastern,KOSU
39.782368,-84.203339,Ridge Ave,Dayton,Montgomery,OH,US,US/Eastern,KDAY
39.87857800000001,-83.049774,Stringtown Rd,Grove City,Franklin,OH,US,US/Eastern,KTZR
39.669388,-84.22225999999998,Orchard Run Rd,Dayton,Montgomery,OH,US,US/Eastern,KMGY
39.626953,-84.212288,Newmark Dr,Miamisburg,Montgomery,OH,US,US/Eastern,KMGY
39.953262,-83.01795200000002,W Innerbelt S,Columbus,Franklin,OH,US,US/Eastern,KCMH
39.739319,-84.157219,Wayne Ave,Dayton,Montgomery,OH,US,US/Eastern,KFFO
39.91468,-83.01690699999997,I-71 S,Columbus,Franklin,OH,US,US/Eastern,KTZR
41.037647,-81.584183,US-224 W,Barberton,Summit,OH,US,US/Eastern,KAKR
39.798611,-84.207466,E Siebenthaler Ave,Dayton,Montgomery,OH,US,US/Eastern,KDAY
40.083206,-82.90679899999998,Outerbelt N,Westerville,Franklin,OH,US,US/Eastern,KCMH
39.752735,-84.145386,US-35 E,Dayton,Montgomery,OH,US,US/Eastern,KFFO
39.689022,-84.220665,Springboro Pike,Dayton,Montgomery,OH,US,US/Eastern,KMGY
39.778011,-84.20049300000002,Bond St,Dayton,Montgomery,OH,US,US/Eastern,KDAY
41.399147,-81.565674,Lee Rd S,Maple Heights,Cuyahoga,OH,US,US/Eastern,KBKL
39.59670300000001,-84.238388,I-75 S,Miamisburg,Montgomery,OH,US,US/Eastern,KMGY
39.973015,-83.014801,I-670 W,Columbus,Franklin,OH,US,US/Eastern,KCMH
39.777355,-84.19957,Riverside Dr,Dayton,Montgomery,OH,US,US/Eastern,KDAY
41.139114,-81.597305,Smith Rd,Akron,Summit,OH,US,US/Eastern,KAKR
39.64724,-84.224319,Habitat Blvd,Dayton,Montgomery,OH,US,US/Eastern,KMGY
39.745487,-84.16544300000002,Heaton Ave,Dayton,Montgomery,OH,US,US/Eastern,KFFO
39.732552,-84.12197900000002,Woodman Dr,Dayton,Greene,OH,US,US/Eastern,KFFO
40.002552,-83.11835500000002,Roberts Rd,Columbus,Franklin,OH,US,US/Eastern,KTZR
39.780014,-84.162888,Stanley Ave,Dayton,Montgomery,OH,US,US/Eastern,KFFO
39.643101,-84.209923,Penbrooke Trl,Dayton,Montgomery,OH,US,US/Eastern,KMGY
39.767769,-84.17716999999998,Ottawa St,Dayton,Montgomery,OH,US,US/Eastern,KFFO
40.109913,-84.223648,I-75 S,Piqua,Miami,OH,US,US/Eastern,KVES
39.83847,-84.246307,Dog Leg Rd,Dayton,Montgomery,OH,US,US/Eastern,KDAY
39.627991,-84.17021899999997,Miamisburg Centerville Rd,Dayton,Montgomery,OH,US,US/Eastern,KMGY
39.945835,-83.061295,S Wheatland Ave,Columbus,Franklin,OH,US,US/Eastern,KTZR
39.591389,-84.229485,Springboro Pike,Miamisburg,Montgomery,OH,US,US/Eastern,KMGY
39.790302,-84.21390500000003,E Beechwood Ave,Dayton,Montgomery,OH,US,US/Eastern,KDAY
39.927441,-83.056198,Harrisburg Pike,Columbus,Franklin,OH,US,US/Eastern,KTZR
39.946892,-82.91548900000002,E Livingston Ave,Columbus,Franklin,OH,US,US/Eastern,KCMH
39.79031,-84.029114,W Funderburg Rd,Fairborn,Greene,OH,US,US/Eastern,KFFO
39.087887,-84.236076,Shayler Rd,Batavia,Clermont,OH,US,US/Eastern,KI69
39.188583,-84.258705,State Route 28,Milford,Clermont,OH,US,US/Eastern,KI69
39.012833,-83.797585,Appalachian Hwy,Sardinia,Brown,OH,US,US/Eastern,KI69
40.033405,-82.910225,McCutcheon Rd,Columbus,Franklin,OH,US,US/Eastern,KCMH
40.080338,-82.880074,New Albany Expy E,Westerville,Franklin,OH,US,US/Eastern,KCMH
40.200333,-83.027435,Lewis Center Rd,Lewis Center,Delaware,OH,US,US/Eastern,KDLZ
40.02504,-82.904129,Outerbelt S,Columbus,Franklin,OH,US,US/Eastern,KCMH
40.065559,-82.906418,Outerbelt S,Columbus,Franklin,OH,US,US/Eastern,KCMH
39.588413,-84.229774,Springboro Pike,Miamisburg,Montgomery,OH,US,US/Eastern,KMGY
39.902195,-83.084763,Urban Hollow Ct,Urbancrest,Franklin,OH,US,US/Eastern,KTZR
41.370506,-83.616997,I-75 S,Bowling Green,Wood,OH,US,US/Eastern,KTDZ
39.945427,-82.846558,Outerbelt S,Columbus,Franklin,OH,US,US/Eastern,KCMH
39.945751,-82.846252,Outerbelt S,Columbus,Franklin,OH,US,US/Eastern,KCMH
41.316475,-81.649101,E Royalton Rd,Brecksville,Cuyahoga,OH,US,US/Eastern,KCLE
39.768337,-84.194244,E Babbitt St,Dayton,Montgomery,OH,US,US/Eastern,KDAY
39.797005,-84.154556,Lakebend Dr,Dayton,Montgomery,OH,US,US/Eastern,KFFO
40.005947,-82.858887,Beaverbrook Ct,Columbus,Franklin,OH,US,US/Eastern,KCMH
39.355782,-83.268311,State Route 28,Frankfort,Ross,OH,US,US/Eastern,KLCK
40.030914,-82.994598,E North Broadway St,Columbus,Franklin,OH,US,US/Eastern,KCMH
39.746147,-84.183167,Brown St,Dayton,Montgomery,OH,US,US/Eastern,KFFO
39.771233,-84.1763,Creston Ave,Dayton,Montgomery,OH,US,US/Eastern,KFFO
39.948391,-82.943558,East Fwy W,Columbus,Franklin,OH,US,US/Eastern,KCMH
39.321606,-84.070908,State Route 132,Blanchester,Clinton,OH,US,US/Eastern,KILN
39.085529,-84.178314,State Route 32,Batavia,Clermont,OH,US,US/Eastern,KI69
39.939571,-83.009911,Greenlawn Ave,Columbus,Franklin,OH,US,US/Eastern,KTZR
39.815628,-84.093338,Baker Rd,Dayton,Montgomery,OH,US,US/Eastern,KFFO
39.635357,-84.216339,Miamisburg Centerville Rd,Dayton,Montgomery,OH,US,US/Eastern,KMGY
39.757317,-84.151299,Davis Ave,Dayton,Montgomery,OH,US,US/Eastern,KFFO
39.768837,-84.20156899999998,W Grand Ave,Dayton,Montgomery,OH,US,US/Eastern,KDAY
39.685413,-84.220871,S Dixie Dr,Dayton,Montgomery,OH,US,US/Eastern,KMGY
39.919437,-82.775238,Stonecreek Dr,Pickerington,Fairfield,OH,US,US/Eastern,KLHQ
39.972076,-83.09818299999998,N Wilson Rd,Columbus,Franklin,OH,US,US/Eastern,KTZR
39.791206,-84.206223,E Hillcrest Ave,Dayton,Montgomery,OH,US,US/Eastern,KDAY
39.778645,-84.20476500000002,N Main St,Dayton,Montgomery,OH,US,US/Eastern,KDAY
39.934155,-82.852524,East Fwy W,Columbus,Franklin,OH,US,US/Eastern,KCMH
39.755344,-84.203598,I-75 N,Dayton,Montgomery,OH,US,US/Eastern,KFFO
40.045822,-83.033424,Olentangy Fwy N,Columbus,Franklin,OH,US,US/Eastern,KOSU
39.943745,-83.073151,Sullivant Ave,Columbus,Franklin,OH,US,US/Eastern,KTZR
41.113785,-81.611633,Ridgewood Rd,Akron,Summit,OH,US,US/Eastern,KAKR
39.948158,-83.036201,I-70 W,Columbus,Franklin,OH,US,US/Eastern,KTZR
39.747406,-84.239487,Abbey Ave,Dayton,Montgomery,OH,US,US/Eastern,KDAY
39.756203,-84.25322,Edison St,Dayton,Montgomery,OH,US,US/Eastern,KDAY
39.94365300000001,-83.060631,S Wheatland Ave,Columbus,Franklin,OH,US,US/Eastern,KTZR
40.077419,-82.907898,Outerbelt S,Columbus,Franklin,OH,US,US/Eastern,KCMH
39.739037,-84.152107,Arbor Ave,Dayton,Montgomery,OH,US,US/Eastern,KFFO
40.083298,-84.117058,N State Route 589,Casstown,Miami,OH,US,US/Eastern,KDAY
40.089439,-83.036194,W Dublin Granville Rd,Columbus,Franklin,OH,US,US/Eastern,KOSU
39.735844,-84.121658,Woodman Dr,Dayton,Greene,OH,US,US/Eastern,KFFO
39.764576,-84.187706,E Monument Ave,Dayton,Montgomery,OH,US,US/Eastern,KFFO
39.747974,-84.215065,Germantown St,Dayton,Montgomery,OH,US,US/Eastern,KDAY
39.95232,-83.03761300000002,Rickenbacker St,Columbus,Franklin,OH,US,US/Eastern,KTZR
40.01757,-82.928978,N Cassady Ave,Columbus,Franklin,OH,US,US/Eastern,KCMH
39.95652800000001,-83.018555,W Town St,Columbus,Franklin,OH,US,US/Eastern,KTZR
41.137856,-83.65884399999999,State Route 613,Findlay,Hancock,OH,US,US/Eastern,KFDY
40.109077,-83.091064,Sawmill Rd,Dublin,Franklin,OH,US,US/Eastern,KOSU
39.779266,-84.23465,Philadelphia Dr,Dayton,Montgomery,OH,US,US/Eastern,KDAY
40.109497,-83.090813,Sawmill Rd,Columbus,Franklin,OH,US,US/Eastern,KOSU
39.741417,-84.18055,E Stewart St,Dayton,Montgomery,OH,US,US/Eastern,KFFO
39.760406,-84.195686,N Wilkinson St,Dayton,Montgomery,OH,US,US/Eastern,KFFO
39.706184,-84.217506,Springboro Pike,Dayton,Montgomery,OH,US,US/Eastern,KMGY
39.767471,-84.15786700000002,Springfield St,Dayton,Montgomery,OH,US,US/Eastern,KFFO
40.699066,-84.089935,I-75 S,Lima,Allen,OH,US,US/Eastern,KAOH
39.811291,-84.235176,Folsom Dr,Dayton,Montgomery,OH,US,US/Eastern,KDAY
39.872375,-84.055153,Center Point 70 Blvd,Dayton,Montgomery,OH,US,US/Eastern,KFFO
39.916485,-82.897026,Refugee Rd,Columbus,Franklin,OH,US,US/Eastern,KCMH
39.019779,-84.20581800000002,E Ohio Pike,Amelia,Clermont,OH,US,US/Eastern,KI69
39.096836,-84.253273,Old State Route 74,Batavia,Clermont,OH,US,US/Eastern,KI69
39.748081,-84.13945799999998,S Smithville Rd,Dayton,Montgomery,OH,US,US/Eastern,KFFO
40.003059,-82.862289,Outerbelt N,Columbus,Franklin,OH,US,US/Eastern,KCMH
41.36795,-81.821655,I-71 S,Cleveland,Cuyahoga,OH,US,US/Eastern,KCLE
39.75777100000001,-84.142036,Huffman Ave,Dayton,Montgomery,OH,US,US/Eastern,KFFO
39.106014,-84.147224,State Route 132,Batavia,Clermont,OH,US,US/Eastern,KI69
39.603619,-84.228577,Innovation Dr,Miamisburg,Montgomery,OH,US,US/Eastern,KMGY
39.636219,-84.21775799999998,Miamisburg Centerville Rd,Dayton,Montgomery,OH,US,US/Eastern,KMGY
39.790596,-84.253807,N Gettysburg Ave,Dayton,Montgomery,OH,US,US/Eastern,KDAY
40.112133,-83.016998,Outerbelt W,Columbus,Franklin,OH,US,US/Eastern,KOSU
39.753288,-84.191978,Franklin St,Dayton,Montgomery,OH,US,US/Eastern,KFFO
39.770718,-84.211449,Neal Ave,Dayton,Montgomery,OH,US,US/Eastern,KDAY
39.995968,-83.024574,Olentangy Fwy N,Columbus,Franklin,OH,US,US/Eastern,KOSU
40.131283,-83.089745,Sawmill Rd,Dublin,Franklin,OH,US,US/Eastern,KOSU
40.103794,-83.13369,Coffman Rd,Dublin,Franklin,OH,US,US/Eastern,KOSU
40.047691,-82.997086,E Cooke Rd,Columbus,Franklin,OH,US,US/Eastern,KOSU
39.93639,-82.881676,I-70 E,Columbus,Franklin,OH,US,US/Eastern,KCMH
40.827763,-83.975716,N Napoleon Rd,Lima,Allen,OH,US,US/Eastern,KAOH
39.67155800000001,-84.252678,S Elm St,Dayton,Montgomery,OH,US,US/Eastern,KMGY
40.028641,-83.01509899999998,W Como Ave,Columbus,Franklin,OH,US,US/Eastern,KOSU
40.11182,-82.901276,Valley Forge Ct,Westerville,Franklin,OH,US,US/Eastern,KCMH
40.059711,-82.419037,OH-79,Newark,Licking,OH,US,US/Eastern,KVTA
39.801685,-84.253998,Salem Ave,Dayton,Montgomery,OH,US,US/Eastern,KDAY
39.798016,-84.25018299999998,W Siebenthaler Ave,Dayton,Montgomery,OH,US,US/Eastern,KDAY
39.995106,-83.025337,Olentangy River Rd,Columbus,Franklin,OH,US,US/Eastern,KOSU
39.757221,-84.205894,Bank St,Dayton,Montgomery,OH,US,US/Eastern,KFFO
39.745384,-84.183006,Brown St,Dayton,Montgomery,OH,US,US/Eastern,KFFO
39.658932,-84.157677,Far Hills Ave,Dayton,Montgomery,OH,US,US/Eastern,KMGY
39.780712,-84.18723299999998,N Keowee St,Dayton,Montgomery,OH,US,US/Eastern,KFFO
39.805809,-84.222435,W Nottingham Rd,Dayton,Montgomery,OH,US,US/Eastern,KDAY
39.896893,-83.723129,S Charleston Pike,Springfield,Clark,OH,US,US/Eastern,KSGH
39.715988,-84.219238,I-75 N,Dayton,Montgomery,OH,US,US/Eastern,KMGY
39.668198,-84.147636,Durwood Rd,Dayton,Montgomery,OH,US,US/Eastern,KMGY
39.781204,-84.20558199999998,Ridge Ave,Dayton,Montgomery,OH,US,US/Eastern,KDAY
39.901142,-84.18789699999998,Northwoods Blvd,Vandalia,Montgomery,OH,US,US/Eastern,KDAY
39.903053,-83.162949,Kunz Rd,Galloway,Franklin,OH,US,US/Eastern,KTZR
39.783173,-84.117981,Harshman Rd,Dayton,Montgomery,OH,US,US/Eastern,KFFO
40.111134,-82.992203,Outerbelt W,Columbus,Franklin,OH,US,US/Eastern,KOSU
39.786411,-84.25376899999998,Prescott Ave,Dayton,Montgomery,OH,US,US/Eastern,KDAY
39.74688,-84.15986600000002,Wyoming St,Dayton,Montgomery,OH,US,US/Eastern,KFFO
39.596725,-84.231667,Austin Blvd,Miamisburg,Montgomery,OH,US,US/Eastern,KMGY
39.784584,-84.15226700000002,Valleycrest Dr,Dayton,Montgomery,OH,US,US/Eastern,KFFO
39.696461,-83.456673,State Route 38 NE,Bloomingburg,Fayette,OH,US,US/Eastern,KILN
39.97847700000001,-83.119835,Outerbelt S,Columbus,Franklin,OH,US,US/Eastern,KTZR
39.773762,-84.14045,N Wright Ave,Dayton,Montgomery,OH,US,US/Eastern,KFFO
38.843636,-82.216187,Circle Dr,Gallipolis,Gallia,OH,US,US/Eastern,K3I2
39.741505,-84.16555,Anderson St,Dayton,Montgomery,OH,US,US/Eastern,KFFO
39.978668,-82.974152,I-670 W,Columbus,Franklin,OH,US,US/Eastern,KCMH
39.919376,-82.936417,Frank Refugee Expy,Columbus,Franklin,OH,US,US/Eastern,KLCK
39.788647,-84.18390699999998,I-75 S,Dayton,Montgomery,OH,US,US/Eastern,KFFO
39.858292,-83.003548,S High St,Lockbourne,Franklin,OH,US,US/Eastern,KLCK
39.832066,-83.000374,S High St,Lockbourne,Franklin,OH,US,US/Eastern,KLCK
39.965687,-83.009842,Neil Ave,Columbus,Franklin,OH,US,US/Eastern,KCMH
39.974941,-83.10006,N Wilson Rd,Columbus,Franklin,OH,US,US/Eastern,KTZR
41.323063,-82.616463,US Highway 250 N,Milan,Erie,OH,US,US/Eastern,KPCW
41.420448,-81.828468,Outerbelt South Fwy W,Cleveland,Cuyahoga,OH,US,US/Eastern,KCLE
39.816311,-84.130341,Brandt Pike,Dayton,Montgomery,OH,US,US/Eastern,KFFO
39.798302,-84.235229,W Siebenthaler Ave,Dayton,Montgomery,OH,US,US/Eastern,KDAY
39.767513,-84.194016,White Allen Ave,Dayton,Montgomery,OH,US,US/Eastern,KDAY
39.671932,-84.210815,Portsmouth Way,Dayton,Montgomery,OH,US,US/Eastern,KMGY
39.781044,-84.242554,Kipling Dr,Dayton,Montgomery,OH,US,US/Eastern,KDAY
39.774738,-84.174683,Chapel St,Dayton,Montgomery,OH,US,US/Eastern,KFFO
39.767204,-84.162796,E 1st St,Dayton,Montgomery,OH,US,US/Eastern,KFFO
39.95166,-83.017601,South Fwy S,Columbus,Franklin,OH,US,US/Eastern,KCMH
39.950317,-83.01724200000002,I-70 E,Columbus,Franklin,OH,US,US/Eastern,KTZR
39.732437,-84.20874,E River Rd,Moraine,Montgomery,OH,US,US/Eastern,KMGY
39.253136,-84.135544,State Route 132,Goshen,Clermont,OH,US,US/Eastern,KI69
39.790283,-84.190063,N Dixie Dr,Dayton,Montgomery,OH,US,US/Eastern,KDAY
39.946922,-83.031151,S Princeton Ave,Columbus,Franklin,OH,US,US/Eastern,KTZR
39.956467,-83.045815,W Broad St,Columbus,Franklin,OH,US,US/Eastern,KTZR
39.641197,-84.157799,W Elmwood Dr,Dayton,Montgomery,OH,US,US/Eastern,KMGY
41.425308,-81.897865,Lorain Rd,North Olmsted,Cuyahoga,OH,US,US/Eastern,KCLE
39.981674,-82.984566,North Fwy S,Columbus,Franklin,OH,US,US/Eastern,KCMH
39.994205,-83.024689,Olentangy Fwy N,Columbus,Franklin,OH,US,US/Eastern,KOSU
40.004406,-82.918137,Northeast Fwy N,Columbus,Franklin,OH,US,US/Eastern,KCMH
40.084126,-83.137772,Outerbelt N,Dublin,Franklin,OH,US,US/Eastern,KOSU
39.959778,-82.997467,E Chapel St,Columbus,Franklin,OH,US,US/Eastern,KCMH
40.008327,-82.986023,North Fwy S,Columbus,Franklin,OH,US,US/Eastern,KCMH
39.977394,-83.150467,Hilliard Rome Rd,Columbus,Franklin,OH,US,US/Eastern,KTZR
40.025917,-82.994576,North Fwy S,Columbus,Franklin,OH,US,US/Eastern,KCMH
41.40752,-81.64746099999998,Outerbelt South Fwy W,Independence,Cuyahoga,OH,US,US/Eastern,KBKL
41.060379,-81.554153,I-77 N,Akron,Summit,OH,US,US/Eastern,KAKR
39.732307,-84.240646,Louella Ave,Dayton,Montgomery,OH,US,US/Eastern,KDAY
39.536186,-84.235069,School Driveway,Springboro,Warren,OH,US,US/Eastern,KMGY
39.805882,-84.21578199999998,E Nottingham Rd,Dayton,Montgomery,OH,US,US/Eastern,KDAY
39.944817,-82.877861,S Hamilton Rd,Columbus,Franklin,OH,US,US/Eastern,KCMH
39.370232,-84.249039,Columbia Rd,Mason,Warren,OH,US,US/Eastern,KHAO
39.734035,-84.14502,Watervliet Ave,Dayton,Montgomery,OH,US,US/Eastern,KFFO
39.808914,-83.97833299999998,State Route 235,Fairborn,Greene,OH,US,US/Eastern,KFFO
39.735283,-84.161659,Firwood Dr,Dayton,Montgomery,OH,US,US/Eastern,KMGY
39.820873,-84.237328,Cedarlawn Dr,Dayton,Montgomery,OH,US,US/Eastern,KDAY
40.105621,-83.091125,Snouffer Rd,Dublin,Franklin,OH,US,US/Eastern,KOSU
39.050854,-84.07486,Old State Route 32,Batavia,Clermont,OH,US,US/Eastern,KI69
39.751579,-84.239983,Abbey Ave,Dayton,Montgomery,OH,US,US/Eastern,KDAY
41.404495,-82.116928,Lorain Blvd,Elyria,Lorain,OH,US,US/Eastern,KLPR
39.625694,-84.200005,Lyons Rd,Dayton,Montgomery,OH,US,US/Eastern,KMGY
41.383537,-83.641235,Frazee Ave,Bowling Green,Wood,OH,US,US/Eastern,KTDZ
39.76926,-84.236465,Oxford Ave,Dayton,Montgomery,OH,US,US/Eastern,KDAY
39.592564,-84.155518,Mallet Dr,Dayton,Montgomery,OH,US,US/Eastern,KMGY
39.800083,-84.21869699999998,N Main St,Dayton,Montgomery,OH,US,US/Eastern,KDAY
39.738392,-84.140419,Wayne Ave,Dayton,Montgomery,OH,US,US/Eastern,KFFO
39.645313,-84.232414,I-75 N,Dayton,Montgomery,OH,US,US/Eastern,KMGY
39.651726,-84.233627,I-75 N,Dayton,Montgomery,OH,US,US/Eastern,KMGY
39.945255,-82.600075,I-70 W,Millersport,Licking,OH,US,US/Eastern,KVTA
39.783661,-84.166382,Stanley Ave,Dayton,Montgomery,OH,US,US/Eastern,KFFO
40.082298,-82.896858,Executive Pkwy,Westerville,Franklin,OH,US,US/Eastern,KCMH
39.75125900000001,-84.167778,Steele Ave,Dayton,Montgomery,OH,US,US/Eastern,KFFO
39.802471,-84.235107,Philadelphia Dr,Dayton,Montgomery,OH,US,US/Eastern,KDAY
39.787209,-84.205185,E Fairview Ave,Dayton,Montgomery,OH,US,US/Eastern,KDAY
39.731812,-84.15831,Wilmington Ave,Dayton,Montgomery,OH,US,US/Eastern,KFFO
39.812775,-84.220001,Shoup Mill Rd,Dayton,Montgomery,OH,US,US/Eastern,KDAY
39.794266,-84.215851,N Main St,Dayton,Montgomery,OH,US,US/Eastern,KDAY
39.819523,-84.20468100000002,Needmore Rd,Dayton,Montgomery,OH,US,US/Eastern,KDAY
39.980274,-82.83625,E Broad St,Columbus,Franklin,OH,US,US/Eastern,KCMH
39.941711,-83.978874,New Carlisle Pike,New Carlisle,Clark,OH,US,US/Eastern,KFFO
39.737404,-84.185776,S Main St,Dayton,Montgomery,OH,US,US/Eastern,KFFO
39.184589,-84.235176,Deblin Dr,Milford,Clermont,OH,US,US/Eastern,KI69
39.923038,-82.784538,Hill Rd N,Pickerington,Fairfield,OH,US,US/Eastern,KLHQ
39.870964,-82.855354,US-33 W,Groveport,Franklin,OH,US,US/Eastern,KLCK
39.981812,-83.118767,Outerbelt N,Columbus,Franklin,OH,US,US/Eastern,KTZR
39.997391,-83.118156,Outerbelt N,Columbus,Franklin,OH,US,US/Eastern,KTZR
39.632637,-84.20303299999998,Miamisburg Centerville Rd,Dayton,Montgomery,OH,US,US/Eastern,KMGY
39.9767,-83.045517,Goodale Blvd,Columbus,Franklin,OH,US,US/Eastern,KOSU
39.72419,-84.152336,Wilmington Ave,Dayton,Montgomery,OH,US,US/Eastern,KFFO
40.266563,-82.928535,E State Route 37,Sunbury,Delaware,OH,US,US/Eastern,KDLZ
41.42202800000001,-81.877464,I-480 E,North Olmsted,Cuyahoga,OH,US,US/Eastern,KCLE
39.820084,-84.16755699999999,Wagner Ford Rd,Dayton,Montgomery,OH,US,US/Eastern,KDAY
39.122822,-84.135796,E Main St,Owensville,Clermont,OH,US,US/Eastern,KI69
39.803738,-84.22461700000002,Cromwell Pl,Dayton,Montgomery,OH,US,US/Eastern,KDAY
39.596882,-84.117653,Clyo Rd,Dayton,Montgomery,OH,US,US/Eastern,KMGY
39.615669,-84.135452,Washington Creek Ln,Dayton,Montgomery,OH,US,US/Eastern,KMGY
39.949711,-82.970123,E Livingston Ave,Columbus,Franklin,OH,US,US/Eastern,KCMH
39.74773,-84.172325,Wayne Ave,Dayton,Montgomery,OH,US,US/Eastern,KFFO
39.740417,-84.186539,S Main St,Dayton,Montgomery,OH,US,US/Eastern,KFFO
39.785046,-84.236137,Victoria Ave,Dayton,Montgomery,OH,US,US/Eastern,KDAY
39.749626,-84.178291,Johnson St,Dayton,Montgomery,OH,US,US/Eastern,KFFO
39.783344,-84.253738,Kings Hwy,Dayton,Montgomery,OH,US,US/Eastern,KDAY
39.739201,-84.230324,Dennison Ave,Dayton,Montgomery,OH,US,US/Eastern,KDAY
39.790916,-84.235085,Philadelphia Dr,Dayton,Montgomery,OH,US,US/Eastern,KDAY
39.80933,-84.235146,Philadelphia Dr,Dayton,Montgomery,OH,US,US/Eastern,KDAY
39.904541,-83.02684,I-71 S,Grove City,Franklin,OH,US,US/Eastern,KTZR
39.982506,-82.98451999999997,North Fwy N,Columbus,Franklin,OH,US,US/Eastern,KCMH
39.736004,-84.14344799999998,Rosemont Blvd,Dayton,Montgomery,OH,US,US/Eastern,KFFO
39.77626,-84.243752,Wesleyan Rd,Dayton,Montgomery,OH,US,US/Eastern,KDAY
39.62394000000001,-84.194153,Washington Village Dr,Dayton,Montgomery,OH,US,US/Eastern,KMGY
39.73232700000001,-84.163055,Irving Ave,Dayton,Montgomery,OH,US,US/Eastern,KMGY
39.772064,-84.253517,N James H McGee Blvd,Dayton,Montgomery,OH,US,US/Eastern,KDAY
40.263664,-82.927452,I-71 N,Sunbury,Delaware,OH,US,US/Eastern,KDLZ
39.658939,-84.223244,Carnation Rd,Dayton,Montgomery,OH,US,US/Eastern,KMGY
39.67889,-84.221413,Lindbergh Blvd,Dayton,Montgomery,OH,US,US/Eastern,KMGY
40.120651,-82.973045,North Fwy S,Westerville,Franklin,OH,US,US/Eastern,KCMH
41.128685,-81.652153,I-77 N,Akron,Summit,OH,US,US/Eastern,KAKR
39.959805,-83.370483,US Highway 42 NE,London,Madison,OH,US,US/Eastern,KTZR
38.0853,-122.233017,Magazine St,Vallejo,Solano,CA,US,US/Pacific,KAPC
37.631813,-122.084167,I-880 N,Hayward,Alameda,CA,US,US/Pacific,KHWD
37.896564,-122.070717,I-680 N,Walnut Creek,Contra Costa,CA,US,US/Pacific,KCCR
37.334255,-122.032471,N De Anza Blvd,Cupertino,Santa Clara,CA,US,US/Pacific,KNUQ
37.250729,-121.910713,Norman Y Mineta Hwy,San Jose,Santa Clara,CA,US,US/Pacific,KRHV
37.701584,-121.906929,I-580 E,Pleasanton,Alameda,CA,US,US/Pacific,KLVK
37.328312,-121.871811,I-280 S,San Jose,Santa Clara,CA,US,US/Pacific,KSJC
37.719162,-122.448273,John F Foran Fwy,San Francisco,San Francisco,CA,US,US/Pacific,KSFO
37.868114,-122.19593,CA-24 W,Orinda,Contra Costa,CA,US,US/Pacific,KCCR
37.700951,-121.80175,Isabel Ave,Livermore,Alameda,CA,US,US/Pacific,KLVK
38.321342,-122.713707,W Sierra Ave,Cotati,Sonoma,CA,US,US/Pacific,KO69
38.005135,-122.037445,CA-4 E,Concord,Contra Costa,CA,US,US/Pacific,KCCR
37.70071400000001,-121.773895,N Livermore Ave,Livermore,Alameda,CA,US,US/Pacific,KLVK
37.395771,-122.012772,US-101 N,Sunnyvale,Santa Clara,CA,US,US/Pacific,KNUQ
37.701576,-121.872177,Tassajara Rd,Dublin,Alameda,CA,US,US/Pacific,KLVK
38.481682,-121.408768,Gerber Rd,Sacramento,Sacramento,CA,US,US/Pacific,KSAC
38.682713,-121.33628799999998,I-80 E,Sacramento,Sacramento,CA,US,US/Pacific,KMCC
37.391258,-121.995895,Lawrence Expy,Sunnyvale,Santa Clara,CA,US,US/Pacific,KNUQ
37.775215,-122.220863,37th Ave,Oakland,Alameda,CA,US,US/Pacific,KOAK
37.418728,-121.970436,CA-237 W,Alviso,Santa Clara,CA,US,US/Pacific,KNUQ
37.38237,-121.904358,E Brokaw Rd,San Jose,Santa Clara,CA,US,US/Pacific,KSJC
37.701363,-121.849533,Fallon Rd,Pleasanton,Alameda,CA,US,US/Pacific,KLVK
37.131519,-121.633308,S Valley Fwy N,Morgan Hill,Santa Clara,CA,US,US/Pacific,KE16
38.303768,-122.708183,US-101 N,Petaluma,Sonoma,CA,US,US/Pacific,KO69
38.026699,-122.113785,I-680 N,Martinez,Contra Costa,CA,US,US/Pacific,KCCR
38.220692,-122.607536,Kastania Rd,Petaluma,Sonoma,CA,US,US/Pacific,KO69
37.613815,-122.396652,US-101 N,Millbrae,San Mateo,CA,US,US/Pacific,KSFO
38.646683,-121.376694,I-80 W,North Highlands,Sacramento,CA,US,US/Pacific,KMCC
37.66637,-122.107491,I-880 N,Hayward,Alameda,CA,US,US/Pacific,KHWD
38.54702,-122.808311,Redwood Hwy S,Windsor,Sonoma,CA,US,US/Pacific,KSTS
37.856171,-122.029907,I-680 N,Alamo,Contra Costa,CA,US,US/Pacific,KCCR
37.119289,-121.626114,Tennant Ave,Morgan Hill,Santa Clara,CA,US,US/Pacific,KE16
37.088932,-121.59922,S Valley Fwy N,San Martin,Santa Clara,CA,US,US/Pacific,KE16
38.601768,-122.864983,US-101 N,Healdsburg,Sonoma,CA,US,US/Pacific,KSTS
37.701061,-122.393188,US-101 N,Brisbane,San Mateo,CA,US,US/Pacific,KSFO
37.448879,-122.12313799999998,Embarcadero Rd,Palo Alto,Santa Clara,CA,US,US/Pacific,KPAO
37.732746,-122.404938,Silver Ave,San Francisco,San Francisco,CA,US,US/Pacific,KSFO
37.749485,-122.403236,Cesar Chavez St,San Francisco,San Francisco,CA,US,US/Pacific,KOAK
37.454247,-121.923073,Dixon Landing Rd,Milpitas,Santa Clara,CA,US,US/Pacific,KSJC
37.401531,-121.908859,Montague Expy,San Jose,Santa Clara,CA,US,US/Pacific,KSJC
38.563538,-121.637466,I-80 E,Davis,Yolo,CA,US,US/Pacific,KEDU
37.825397,-122.304802,I-80 W,Oakland,Alameda,CA,US,US/Pacific,KOAK
37.8009,-122.228767,Beaumont Ave,Oakland,Alameda,CA,US,US/Pacific,KOAK
37.31665,-121.945389,I-280 S,San Jose,Santa Clara,CA,US,US/Pacific,KSJC
38.36479600000001,-121.350449,CA-99 S,Elk Grove,Sacramento,CA,US,US/Pacific,KSAC
38.551689,-121.699516,I-80 E,Davis,Yolo,CA,US,US/Pacific,KEDU
38.618011,-121.401459,Marconi Ave,Sacramento,Sacramento,CA,US,US/Pacific,KMCC
37.49221,-122.386093,San Mateo Rd,Half Moon Bay,San Mateo,CA,US,US/Pacific,KHAF
37.46876500000001,-122.155205,Bayshore Fwy S,Menlo Park,San Mateo,CA,US,US/Pacific,KPAO
38.452553,-121.37175,Calvine Rd,Elk Grove,Sacramento,CA,US,US/Pacific,KSAC
37.741356,-121.580826,I-580 W,Tracy,Alameda,CA,US,US/Pacific,KLVK
38.668053,-121.31208,Coyle Ave,Carmichael,Sacramento,CA,US,US/Pacific,KMCC
37.78735,-122.247955,Nimitz Fwy S,Oakland,Alameda,CA,US,US/Pacific,KOAK
38.781418,-121.145889,Auburn Folsom Rd,Granite Bay,Placer,CA,US,US/Pacific,KMCC
37.608707,-122.068192,Nimitz Fwy S,Union City,Alameda,CA,US,US/Pacific,KHWD
38.547523,-121.717918,I-80 E,Davis,Yolo,CA,US,US/Pacific,KEDU
37.977779,-122.06575,Contra Costa Blvd,Pleasant Hill,Contra Costa,CA,US,US/Pacific,KCCR
37.339455,-121.852043,I-680 N,San Jose,Santa Clara,CA,US,US/Pacific,KRHV
37.553684,-122.296257,US-101 N,San Mateo,San Mateo,CA,US,US/Pacific,KSQL
37.731983,-122.415413,John F Foran Fwy,San Francisco,San Francisco,CA,US,US/Pacific,KSFO
37.854485,-122.219765,CA-24 W,Oakland,Alameda,CA,US,US/Pacific,KOAK
37.992588,-122.039635,CA-242 S,Concord,Contra Costa,CA,US,US/Pacific,KCCR
38.58997,-121.26548,Sunrise Blvd,Rancho Cordova,Sacramento,CA,US,US/Pacific,KMHR
39.328636,-121.11116,State Highway 49,Nevada City,Nevada,CA,US,US/Pacific,KGOO
38.481689,-121.396133,Reese Rd,Sacramento,Sacramento,CA,US,US/Pacific,KSAC
37.462418,-122.144402,Bayshore Fwy S,Palo Alto,San Mateo,CA,US,US/Pacific,KPAO
38.404911,-121.912468,I-80 W,Vacaville,Solano,CA,US,US/Pacific,KVCB
38.744423,-121.247093,Douglas Blvd,Roseville,Placer,CA,US,US/Pacific,KMCC
38.203735,-121.556808,Isleton Rd,Isleton,Sacramento,CA,US,US/Pacific,KSUU
38.671062,-121.591881,CA-16 E,Sacramento,Sacramento,CA,US,US/Pacific,KSMF
38.566139,-121.336296,Bradshaw Rd,Sacramento,Sacramento,CA,US,US/Pacific,KMHR
38.846264,-121.299644,CA-65 N,Lincoln,Placer,CA,US,US/Pacific,KLHM
38.564201,-121.513878,I-5 N,Sacramento,Sacramento,CA,US,US/Pacific,KSAC
38.682323,-120.847435,Pleasant Valley Rd,El Dorado,El Dorado,CA,US,US/Pacific,KPVF
37.923492,-122.513168,US-101 N,Corte Madera,Marin,CA,US,US/Pacific,KDVO
37.692444,-122.140167,I-880 N,San Leandro,Alameda,CA,US,US/Pacific,KHWD
37.804386,-121.989738,I-680 N,Danville,Contra Costa,CA,US,US/Pacific,KCCR
37.252171,-121.95821399999998,CA-17 S,Los Gatos,Santa Clara,CA,US,US/Pacific,KSJC
37.701649,-121.911278,I-580 E,Pleasanton,Alameda,CA,US,US/Pacific,KLVK
37.807072,-122.475616,Golden Gate Brg S,San Francisco,San Francisco,CA,US,US/Pacific,KSFO
37.690559,-122.074669,I-580 E,Castro Valley,Alameda,CA,US,US/Pacific,KHWD
37.766987,-121.335495,I-205 W,Tracy,San Joaquin,CA,US,US/Pacific,KSCK
37.700043,-121.779655,I-580 E,Livermore,Alameda,CA,US,US/Pacific,KLVK
37.933292,-121.296669,I-5 N,Stockton,San Joaquin,CA,US,US/Pacific,KSCK
39.411289,-123.354477,E Mendocino Ave,Willits,Mendocino,CA,US,US/Pacific,KUKI
38.556145,-121.443192,El Dorado Fwy E,Sacramento,Sacramento,CA,US,US/Pacific,KSAC
38.74008900000001,-121.273468,I-80 E,Roseville,Placer,CA,US,US/Pacific,KMCC
38.74398400000001,-121.226074,Douglas Blvd,Granite Bay,Placer,CA,US,US/Pacific,KMCC
38.477348,-122.73214,US-101 N,Santa Rosa,Sonoma,CA,US,US/Pacific,KSTS
37.364136,-122.124481,I-280 S,Los Altos,Santa Clara,CA,US,US/Pacific,KNUQ
37.314922,-121.910576,Sinclair Fwy N,San Jose,Santa Clara,CA,US,US/Pacific,KSJC
37.955566,-122.370888,Martin Dr,Richmond,Contra Costa,CA,US,US/Pacific,KCCR
38.501938,-121.789146,CA-113 N,Dixon,Solano,CA,US,US/Pacific,KEDU
38.714298,-121.540237,W Elverta Rd,Sacramento,Sacramento,CA,US,US/Pacific,KSMF
37.69278,-122.101685,I-580 W,Hayward,Alameda,CA,US,US/Pacific,KHWD
39.267353,-121.02877,State Highway 49,Nevada City,Nevada,CA,US,US/Pacific,KGOO
39.098984,-122.804314,Foothill Dr,Nice,Lake,CA,US,US/Pacific,KUKI
37.785709,-122.244514,Nimitz Fwy S,Oakland,Alameda,CA,US,US/Pacific,KOAK
37.996063,-121.785194,CA-4 E,Antioch,Contra Costa,CA,US,US/Pacific,KCCR
38.558533,-122.447746,Howell Mountain Rd S,Angwin,Napa,CA,US,US/Pacific,KSTS
37.926357,-122.060768,I-680 S,Walnut Creek,Contra Costa,CA,US,US/Pacific,KCCR
37.352432,-121.837746,I-680 N,San Jose,Santa Clara,CA,US,US/Pacific,KRHV
37.301517,-121.876823,Almaden Expy,San Jose,Santa Clara,CA,US,US/Pacific,KSJC
37.808498,-122.366852,San Francisco-Oakland Bay Brg E,San Francisco,San Francisco,CA,US,US/Pacific,KOAK
37.674477,-122.100662,Princeton St,Hayward,Alameda,CA,US,US/Pacific,KHWD
37.549904,-122.025429,Nimitz Fwy S,Newark,Alameda,CA,US,US/Pacific,KPAO
38.176636,-122.594177,Redwood Hwy S,Novato,Marin,CA,US,US/Pacific,KDVO
37.590557,-122.36186200000002,US-101 N,Burlingame,San Mateo,CA,US,US/Pacific,KSFO
38.606236,-121.508064,Garden Hwy,Sacramento,Sacramento,CA,US,US/Pacific,KMCC
37.57436,-121.88523899999998,Andrade Rd,Sunol,Alameda,CA,US,US/Pacific,KLVK
38.692123,-120.886917,Greenstone Rd,Placerville,El Dorado,CA,US,US/Pacific,KPVF
38.242306,-122.08654,Abernathy Rd,Fairfield,Solano,CA,US,US/Pacific,KAPC
37.036915,-122.042366,Graham Hill Rd,Scotts Valley,Santa Cruz,CA,US,US/Pacific,KWVI
37.708939,-121.723686,I-580 E,Livermore,Alameda,CA,US,US/Pacific,KLVK
38.094425,-120.944992,N Wimer Rd,Linden,San Joaquin,CA,US,US/Pacific,KSCK
37.359665,-121.995987,Cabrillo Ave,Santa Clara,Santa Clara,CA,US,US/Pacific,KSJC
37.986759,-122.31488,Richmond Pkwy,San Pablo,Contra Costa,CA,US,US/Pacific,KCCR
37.997124,-122.286018,Pinole Valley Rd,Pinole,Contra Costa,CA,US,US/Pacific,KCCR
37.488846,-122.212852,Woodside Rd,Redwood City,San Mateo,CA,US,US/Pacific,KSQL
38.578747,-121.307381,US-50 E,Rancho Cordova,Sacramento,CA,US,US/Pacific,KMHR
37.598789,-122.060852,Alvarado Niles Rd,Union City,Alameda,CA,US,US/Pacific,KHWD
37.701225,-121.92247,I-580 W,Dublin,Alameda,CA,US,US/Pacific,KLVK
38.686363,-121.33287,I-80 W,Sacramento,Sacramento,CA,US,US/Pacific,KMCC
37.506924,-122.341293,Canada Rd,Redwood City,San Mateo,CA,US,US/Pacific,KSQL
36.666836,-121.684853,W Blanco Rd,Salinas,Monterey,CA,US,US/Pacific,KSNS
37.798454,-122.274803,I-880 S,Oakland,Alameda,CA,US,US/Pacific,KOAK
38.522472,-121.521584,I-5 N,Sacramento,Sacramento,CA,US,US/Pacific,KSAC
38.069008,-122.53876499999998,US-101 S,Novato,Marin,CA,US,US/Pacific,KDVO
38.149895,-122.451241,Sears Point Rd,Petaluma,Sonoma,CA,US,US/Pacific,KO69
37.910786,-122.31713899999998,I-80 E,Richmond,Contra Costa,CA,US,US/Pacific,KCCR
37.861332,-122.210243,Fish Ranch Rd,Orinda,Contra Costa,CA,US,US/Pacific,KCCR
36.992775,-121.957268,Old San Jose Rd,Soquel,Santa Cruz,CA,US,US/Pacific,KWVI
36.609657,-121.898407,Reeside Ave,Monterey,Monterey,CA,US,US/Pacific,KMRY
37.700855,-121.81778,Airway Blvd,Livermore,Alameda,CA,US,US/Pacific,KLVK
36.676228,-121.701744,W Blanco Rd,Salinas,Monterey,CA,US,US/Pacific,KSNS
38.100746,-122.229858,Georgia St,Vallejo,Solano,CA,US,US/Pacific,KAPC
37.495384,-121.923294,I-680 S,Fremont,Alameda,CA,US,US/Pacific,KNUQ
37.434715,-121.888161,E Calaveras Blvd,Milpitas,Santa Clara,CA,US,US/Pacific,KSJC
37.588905,-121.870926,I-680 S,Sunol,Alameda,CA,US,US/Pacific,KLVK
38.022526,-122.262299,I-80 E,Hercules,Contra Costa,CA,US,US/Pacific,KCCR
37.740906,-122.196472,I-880 N,Oakland,Alameda,CA,US,US/Pacific,KOAK
38.02545900000001,-122.112236,I-680 S,Martinez,Contra Costa,CA,US,US/Pacific,KCCR
37.605614,-121.872658,I-680 S,Sunol,Alameda,CA,US,US/Pacific,KLVK
36.624298,-121.841774,California Ave,Seaside,Monterey,CA,US,US/Pacific,KMRY
37.318287,-121.831551,Bayshore Fwy S,San Jose,Santa Clara,CA,US,US/Pacific,KRHV
38.510151,-121.459702,CA-99 N,Sacramento,Sacramento,CA,US,US/Pacific,KSAC
38.644184,-121.38831299999998,I-80 E,Sacramento,Sacramento,CA,US,US/Pacific,KMCC
38.559532,-121.373085,El Dorado Fwy W,Sacramento,Sacramento,CA,US,US/Pacific,KMHR
37.74055900000001,-121.58578500000002,I-580 W,Tracy,Alameda,CA,US,US/Pacific,KLVK
37.337513,-122.059784,Homestead Rd,Cupertino,Santa Clara,CA,US,US/Pacific,KNUQ
37.276817,-122.007233,Norman Y Mineta Hwy,Saratoga,Santa Clara,CA,US,US/Pacific,KSJC
38.494873,-121.45028700000002,East Pkwy,Sacramento,Sacramento,CA,US,US/Pacific,KSAC
38.409306,-121.35331,Elk Grove Blvd,Elk Grove,Sacramento,CA,US,US/Pacific,KSAC
37.89658,-122.071281,Mt Diablo Blvd,Walnut Creek,Contra Costa,CA,US,US/Pacific,KCCR
37.955479,-121.324814,Carlton Ave,Stockton,San Joaquin,CA,US,US/Pacific,KSCK
37.687485,-122.133484,Nimitz Fwy S,San Leandro,Alameda,CA,US,US/Pacific,KHWD
37.381866,-121.963829,Bayshore Fwy S,Santa Clara,Santa Clara,CA,US,US/Pacific,KSJC
37.704407,-122.394241,Bayshore Fwy S,Brisbane,San Mateo,CA,US,US/Pacific,KSFO
38.169338,-122.199928,I-80 E,American Canyon,Solano,CA,US,US/Pacific,KAPC
37.795124,-122.266594,Nimitz Fwy S,Oakland,Alameda,CA,US,US/Pacific,KOAK
37.756107,-122.392464,I-280 S,San Francisco,San Francisco,CA,US,US/Pacific,KOAK
37.793484,-122.263992,I-880 N,Oakland,Alameda,CA,US,US/Pacific,KOAK
37.877388,-122.184158,CA-24 E,Orinda,Contra Costa,CA,US,US/Pacific,KCCR
38.478897,-121.421066,Suncountry Ln,Sacramento,Sacramento,CA,US,US/Pacific,KSAC
37.54932,-122.292496,Bayshore Fwy S,San Mateo,San Mateo,CA,US,US/Pacific,KSQL
38.588772,-121.404259,Hurley Way,Sacramento,Sacramento,CA,US,US/Pacific,KMCC
37.76329000000001,-122.216171,I-880 N,Oakland,Alameda,CA,US,US/Pacific,KOAK
37.994179,-122.074287,Blum Rd,Martinez,Contra Costa,CA,US,US/Pacific,KCCR
38.641266,-121.473755,I-80 W,Sacramento,Sacramento,CA,US,US/Pacific,KMCC
38.631653,-121.397972,Capital City Fwy E,Sacramento,Sacramento,CA,US,US/Pacific,KMCC
37.560719,-122.035637,Nimitz Fwy S,Newark,Alameda,CA,US,US/Pacific,KPAO
38.343533,-121.335594,CA-99 N,Wilton,Sacramento,CA,US,US/Pacific,KMHR
38.546047,-121.509056,I-5 N,Sacramento,Sacramento,CA,US,US/Pacific,KSAC
38.026489,-121.960167,Port Chicago Hwy,Pittsburg,Contra Costa,CA,US,US/Pacific,KCCR
39.202377,-121.062012,Golden Center Fwy S,Grass Valley,Nevada,CA,US,US/Pacific,KGOO
36.988647,-121.982933,Commercial Xing,Santa Cruz,Santa Cruz,CA,US,US/Pacific,KWVI
37.539642,-121.923859,Mission Rd,Fremont,Alameda,CA,US,US/Pacific,KNUQ
38.116135,-121.395554,W Highway 12,Lodi,San Joaquin,CA,US,US/Pacific,KSCK
38.23616,-122.461472,Bonneau Rd,Sonoma,Sonoma,CA,US,US/Pacific,KO69
38.676525,-121.359612,Oakhollow Dr,Sacramento,Sacramento,CA,US,US/Pacific,KMCC
37.784885,-122.39267,James Lick Fwy N,San Francisco,San Francisco,CA,US,US/Pacific,KOAK
37.351471,-121.91433700000002,I-880 N,San Jose,Santa Clara,CA,US,US/Pacific,KSJC
38.937412,-121.095352,Grass Valley Hwy,Auburn,Placer,CA,US,US/Pacific,KAUN
38.772587,-121.253479,CA-65 N,Roseville,Placer,CA,US,US/Pacific,KMCC
39.300751,-121.029884,Lake Vera Purdon Rd,Nevada City,Nevada,CA,US,US/Pacific,KGOO
37.410072,-121.879219,I-680 S,Milpitas,Santa Clara,CA,US,US/Pacific,KSJC
38.675251,-121.352432,Hillsdale Blvd,Sacramento,Sacramento,CA,US,US/Pacific,KMCC
38.667656,-121.33844,Auburn Blvd,Sacramento,Sacramento,CA,US,US/Pacific,KMCC
38.678547,-121.235008,Illinois Ave,Orangevale,Sacramento,CA,US,US/Pacific,KMCC
39.143547,-121.061333,Meyer Way,Grass Valley,Nevada,CA,US,US/Pacific,KGOO
38.552616,-121.69381,I-80 E,Davis,Yolo,CA,US,US/Pacific,KEDU
37.570854,-122.032478,Fremont Blvd,Fremont,Alameda,CA,US,US/Pacific,KHWD
38.945255,-121.046089,I-80 E,Auburn,Placer,CA,US,US/Pacific,KAUN
38.929756,-121.08866100000002,Hulbert Way,Auburn,Placer,CA,US,US/Pacific,KAUN
37.31652800000001,-121.911858,Parkmoor Ave,San Jose,Santa Clara,CA,US,US/Pacific,KSJC
37.315025,-121.909073,I-280 S,San Jose,Santa Clara,CA,US,US/Pacific,KSJC
37.830669,-122.293343,I-580 W,Emeryville,Alameda,CA,US,US/Pacific,KOAK
37.641117,-122.406021,Bayshore Fwy S,South San Francisco,San Mateo,CA,US,US/Pacific,KSFO
37.693237,-122.052116,I-580 E,Castro Valley,Alameda,CA,US,US/Pacific,KHWD
37.852394,-122.029083,I-680 S,Alamo,Contra Costa,CA,US,US/Pacific,KCCR
38.373032,-121.358482,CA-99 N,Elk Grove,Sacramento,CA,US,US/Pacific,KSAC
38.64341,-121.434265,I-80 W,Sacramento,Sacramento,CA,US,US/Pacific,KMCC
38.537041,-121.739067,I-80 E,Davis,Solano,CA,US,US/Pacific,KEDU
38.559505,-121.467201,US-50 E,Sacramento,Sacramento,CA,US,US/Pacific,KSAC
38.546028,-121.509315,I-5 S,Sacramento,Sacramento,CA,US,US/Pacific,KSAC
38.942398,-121.09426100000002,Bell Rd,Auburn,Placer,CA,US,US/Pacific,KAUN
38.618366,-121.529411,I-80 E,Sacramento,Sacramento,CA,US,US/Pacific,KMCC
37.779552,-121.314514,I-5 N,Lathrop,San Joaquin,CA,US,US/Pacific,KSCK
37.851658,-121.282875,I-5 N,Lathrop,San Joaquin,CA,US,US/Pacific,KSCK
38.64315,-121.434677,I-80 E,Sacramento,Sacramento,CA,US,US/Pacific,KMCC
38.658169,-120.969086,Cameron Park Dr,Cameron Park,El Dorado,CA,US,US/Pacific,KPVF
37.638012,-121.324409,S Koster Rd,Tracy,San Joaquin,CA,US,US/Pacific,KSCK
37.31638,-121.951538,Moorpark Ave,San Jose,Santa Clara,CA,US,US/Pacific,KSJC
38.767025,-121.253128,I-80 E,Roseville,Placer,CA,US,US/Pacific,KMCC
39.233013,-121.03894,Golden Center Fwy N,Grass Valley,Nevada,CA,US,US/Pacific,KGOO
38.651775,-121.382942,Winona Way,North Highlands,Sacramento,CA,US,US/Pacific,KMCC
37.634174,-122.414825,I-380 E,San Bruno,San Mateo,CA,US,US/Pacific,KSFO
37.581238,-122.049042,I-880 N,Fremont,Alameda,CA,US,US/Pacific,KHWD
38.601833,-121.382904,Watt Ave,Sacramento,Sacramento,CA,US,US/Pacific,KMCC
38.236176,-122.461472,Bonneau Rd,Sonoma,Sonoma,CA,US,US/Pacific,KO69
37.785542,-122.39138,James Lick Fwy N,San Francisco,San Francisco,CA,US,US/Pacific,KOAK
37.62746,-120.99706299999998,Tuolumne Blvd,Modesto,Stanislaus,CA,US,US/Pacific,KMOD
38.761791,-120.915413,Feldspar Ln,Placerville,El Dorado,CA,US,US/Pacific,KPVF
38.229401,-122.116844,I-80 W,Fairfield,Solano,CA,US,US/Pacific,KAPC
37.327499,-121.878082,I-280 S,San Jose,Santa Clara,CA,US,US/Pacific,KSJC
37.750488,-121.379982,W F St,Tracy,San Joaquin,CA,US,US/Pacific,KSCK
37.37682,-121.941536,Trimble Rd,San Jose,Santa Clara,CA,US,US/Pacific,KSJC
37.38965200000001,-122.163582,I-280 S,Los Altos,Santa Clara,CA,US,US/Pacific,KNUQ
37.70306,-122.07856,Santa Maria Ave,Castro Valley,Alameda,CA,US,US/Pacific,KHWD
37.323593,-121.940826,I-880 S,San Jose,Santa Clara,CA,US,US/Pacific,KSJC
37.690514,-121.918709,I-680 S,Pleasanton,Alameda,CA,US,US/Pacific,KLVK
37.656654,-121.901588,I-680 S,Pleasanton,Alameda,CA,US,US/Pacific,KLVK
37.753693,-122.151398,I-580 E,Oakland,Alameda,CA,US,US/Pacific,KOAK
38.227737,-122.120537,I-80 W,Fairfield,Solano,CA,US,US/Pacific,KAPC
37.769375,-122.405533,San Bruno Ave,San Francisco,San Francisco,CA,US,US/Pacific,KSFO
37.696819,-122.071869,Catalina Dr,Castro Valley,Alameda,CA,US,US/Pacific,KHWD
37.8745,-122.306038,I-580 W,Berkeley,Alameda,CA,US,US/Pacific,KOAK
37.752502,-122.403008,James Lick Fwy S,San Francisco,San Francisco,CA,US,US/Pacific,KOAK
37.7883,-121.300407,CA-120 E,Lathrop,San Joaquin,CA,US,US/Pacific,KSCK
38.860706,-121.300247,CA-65 S,Lincoln,Placer,CA,US,US/Pacific,KLHM
37.86365900000001,-121.218956,CA-99 S,Stockton,San Joaquin,CA,US,US/Pacific,KSCK
37.54723,-122.37265,I-280 S,Burlingame,San Mateo,CA,US,US/Pacific,KSFO
37.33442700000001,-121.936485,N Bascom Ave,San Jose,Santa Clara,CA,US,US/Pacific,KSJC
36.950603,-121.523094,State Highway 25,Gilroy,Santa Clara,CA,US,US/Pacific,KE16
38.660831,-121.337288,Madison Ave,Sacramento,Sacramento,CA,US,US/Pacific,KMCC
38.222748,-122.12883,Suisun Valley Rd,Fairfield,Solano,CA,US,US/Pacific,KAPC
37.343258,-121.846283,S King Rd,San Jose,Santa Clara,CA,US,US/Pacific,KRHV
37.777836,-121.317451,I-5 S,Lathrop,San Joaquin,CA,US,US/Pacific,KSCK
38.722092,-121.22583799999998,Sierra College Blvd,Roseville,Placer,CA,US,US/Pacific,KMCC
38.246796,-122.627808,E Washington St,Petaluma,Sonoma,CA,US,US/Pacific,KO69
38.661053,-121.359779,I-80 E,Sacramento,Sacramento,CA,US,US/Pacific,KMCC
37.813274,-121.034325,Arthur Rd,Escalon,San Joaquin,CA,US,US/Pacific,KMOD
37.731277,-122.435219,John F Foran Fwy,San Francisco,San Francisco,CA,US,US/Pacific,KSFO
37.315239,-121.914902,Meridian Ave,San Jose,Santa Clara,CA,US,US/Pacific,KSJC
37.328579,-121.871277,S 11th St,San Jose,Santa Clara,CA,US,US/Pacific,KSJC
37.882004,-121.641479,Kellogg Creek Rd,Byron,Contra Costa,CA,US,US/Pacific,KLVK
38.835583,-121.168533,Penryn Rd,Penryn,Placer,CA,US,US/Pacific,KAUN
37.933201,-122.046196,Bancroft Rd,Walnut Creek,Contra Costa,CA,US,US/Pacific,KCCR
37.657974,-121.902954,I-680 S,Pleasanton,Alameda,CA,US,US/Pacific,KLVK
38.562939,-121.641922,I-80 W,Davis,Yolo,CA,US,US/Pacific,KEDU
38.022778,-121.965698,Willow Pass Rd,Pittsburg,Contra Costa,CA,US,US/Pacific,KCCR
38.690273,-121.392136,32nd St,North Highlands,Sacramento,CA,US,US/Pacific,KMCC
38.68111,-121.333244,Garfield Ave,Citrus Heights,Sacramento,CA,US,US/Pacific,KMCC
38.653061,-121.070541,Latrobe Rd,El Dorado Hills,El Dorado,CA,US,US/Pacific,KMHR
